<?xml version="1.0" encoding="utf-8"?>

<!--
- sample-data.xml
-
- Copyright (c) 2019 Rafael Corchuelo.
-
- In keeping with the traditional purpose of furthering education and research, it is
- the policy of the copyright owner to permit non-commercial use and redistribution of
- this software. It has been tested carefully, but it is not guaranteed for any particular
- purposes.  The copyright owner does not offer any warranties or representations, nor do
- they accept any liabilities with respect to them.
-->

<beans xmlns="http://www.springframework.org/schema/beans" xmlns:xsi="http://www.w3.org/2001/XMLSchema-instance"
	xsi:schemaLocation="http://www.springframework.org/schema/beans http://www.springframework.org/schema/beans/spring-beans.xsd">

	<import resource="conversion-service.xml" />
	
	<!-- Shouts -->
	
	<bean id="shout01" class="acme.entities.shouts.Shout">
		<property name="author" value="Bob Dylan"></property>	
		<property name="text" value="Tengo un premio nobel de literatura"></property>
		<property name="moment" value="2019/08/18 15:54"></property>
	</bean>
</beans>
